source,Title,Writer,ISBN No.,Publisher,Published Date,No of page,Weight(g),Cover Type,Dimension,Category,Bonus,Language,Stock Location'
https://www.bukukita.com/Agama/Islam/168292-Hikayat-Para-Dermawan-:-Hikmah-dan-Teladan-dari-Orang-Orang-Saleh-yang-Gemar-Memberi.html,Hikayat Para Dermawan : Hikmah dan Teladan dari Orang-Orang Saleh yang Gemar Memberi,,9.78624E+12,Alifia Books,Nov-21,-,350 gr,Soft Cover,-,Islam,-,Indonesia,Stok Tersedia.
https://www.bukukita.com/searchresult.php?id=3&key=743,,,,,,,,,,,,,
https://www.bukukita.com/Agama/Islam/155871-Kompilasi-Hadis-Dakwah.html,Kompilasi Hadis Dakwah,,9.78603E+12,Simbiosa Rekatama Media,Maret - 2018,-,250 gr,Soft Cover,-,Islam,-,Indonesia,Stok Tersedia.
https://www.bukukita.com/searchresult.php?id=3&key=701,,,,,,,,,,,,,
https://www.bukukita.com/Agama/Islam/167462-Tafakur-Umat-Qurani.html,Tafakur Umat Qurani,,9.78624E+12,Lentera Hati,Apr-21,-,300 gr,Soft Cover,-,Islam,-,Indonesia,Stok Tersedia.
https://www.bukukita.com/searchresult.php?id=3&key=830,,,,,,,,,,,,,
https://www.bukukita.com/Non-Fiksi-Lainnya/Non-Fiksi-Umum/115265-100-Kejadian-Menghebohkan-Tanda-Kekuasaan-Allah.html,100 Kejadian Menghebohkan Tanda Kekuasaan Allah,,9.78603E+12,Titik Media,Juni - 2013,-,250 gr,Soft Cover,-,Non-Fiksi Umum,-,Indonesia,Stok Tersedia.
https://www.bukukita.com/Buku-Novel/Drama/155261-Laut-Bercerita.html,Laut Bercerita,,9.78602E+12,Kpg,Desember - 2017,400,350 gr,Soft Cover,-,Drama,-,Indonesia,Gudang Penerbit
https://www.bukukita.com/Biografi-dan-Memoar/Biografi/135016-Michael-Jackson-;-Life-of-The-Legend.html,Michael Jackson ; Life of The Legend,,9.78603E+12,Oncor Semesta Publisher,2012,142,150 gr,Soft Cover,-,Biografi,-,Indonesia,Stok Tersedia.
https://www.bukukita.com/Agama/Islam/168738-Perempuan.html,Perempuan (Cover Baru),,9.78603E+12,Lentera Hati,Apr-22,407,400 gr,Soft Cover,-,Islam,-,Indonesia,Stok Tersedia.
https://www.bukukita.com/searchresult.php?id=3&key=756,,,,,,,,,,,,,
https://www.bukukita.com/Hukum-dan-Undang-undang/Undang-undang/86142-Penempatan-dan-Perlindungan-Tenaga-Kerja-Indonesia.html,Penempatan dan Perlindungan Tenaga Kerja Indonesia (Edisi 2010) (2010),,978,Fokus Media,2010,252,200 gr,Soft Cover,11x21mm,Undang-undang,-,Indonesia,Stok Tersedia.
https://www.bukukita.com/Hukum-dan-Undang-undang/Undang-undang/114966-Susunan-Dalam-Satu-Naskah-Undang-Undang-Pajak-Pertambahan-Nilai.html,Susunan Dalam Satu Naskah Undang-Undang Pajak Pertambahan Nilai (PPn BM),,9.78603E+12,Fokus Media,2013,-,200 gr,Soft Cover,-,Undang-undang,-,Indonesia,Stok Tersedia.
https://www.bukukita.com/Anak-Anak/Pendidikan-Anak/127454-Sticker-Book-Seru-Berpetualangan-Di-Negeri-Dinosaurus.html,Sticker Book - Seru Berpetualangan Di Negeri Dinosaurus,,9.78603E+12,Batavia Imaji,Agustus - 2014,-,100 gr,Soft Cover,-,Pendidikan Anak,-,Indonesia,Stok Tersedia.
https://www.bukukita.com/Orang-Tua-dan-Keluarga/Psikologi-&-Pendidikan-Anak/168845-Komunikasi-Qurani.html,Komunikasi Qurani,,9.78623E+12,Alvabet,Mei - 2022,-,360 gr,Soft Cover,15x24mm,Psikologi & Pendidikan Anak,-,Indonesia,Stok Tersedia.
https://www.bukukita.com/searchresult.php?id=3&key=992,,,,,,,,,,,,,
https://www.bukukita.com/Psikologi-dan-Pengembangan-Diri/Pengembangan-Diri/167120-Who-The-Hell-Are-You?-Buku-Personal-Branding-oleh-Helmy-Yahya.html,Who The Hell Are You? Buku Personal Branding oleh Helmy Yahya,,9.78624E+12,PT Rumah Tulis,Desember - 2020,244,400 gr,Hard Cover,17x25mm,Pengembangan Diri,-,Indonesia,Stok Tersedia.
https://www.bukukita.com/searchresult.php?id=3&key=1785,,,,,,,,,,,,,
https://www.bukukita.com/Agama/Al-Quran/144423-Al-Akram-A5.html,Al-Akram A5 (Cover Hitam),,-,Mulia Qur'an,Juni - 2016,-,800 gr,Hard Cover,-,Al-Quran,-,Indonesia,Stok Tersedia.
https://www.bukukita.com/Aksesoris-Kado-&-Parcel/Kertas-Kado/157446-Bungkus-Kertas-Kado-Motif-Snow-White-&-Cinderella.html,Bungkus Kertas Kado Motif Snow White & Cinderella,,-,Bukukita.com,2018,1,25 gr,-,-,Kertas Kado,-,Indonesia,Stok Tersedia.
https://www.bukukita.com/searchresult.php?id=3&key=1182,,,,,,,,,,,,,
https://www.bukukita.com/Biografi-dan-Memoar/Memoar/117987-NOAH-6.903-Mil-Versi-REGULER.html,NOAH 6.903 Mil Versi REGULER,,9.7898E+12,Kpg,Sep-13,242,1500 gr,Soft Cover,-,Memoar,-,Indonesia,Stok Tersedia.
https://www.bukukita.com/Orang-Tua-dan-Keluarga/Orang-Tua-dan-Anak/158233-Catatan-Ayahasi-Ditambah-tambahin.html,Catatan Ayahasi Ditambah-tambahin (reguler),,9.78603E+12,Buah Hati,Agustus - 2018,192,200 gr,Soft Cover,13x19mm,Orang Tua dan Anak,-,Indonesia,Stok Tersedia.
https://www.bukukita.com/Non-Fiksi-Lainnya/Kisah-Nyata/157702-Cahaya-Di-Penjuru-HATI-Based-On-True-Story.html,Cahaya Di Penjuru HATI - Based On True Story,,9.78979E+12,Andi Publisher,Juli - 2018,-,600 gr,Soft Cover,-,Kisah Nyata,-,Indonesia,Stok Tersedia.
https://www.bukukita.com/Psikologi-dan-Pengembangan-Diri/Pengembangan-Diri/167592-Workless-Earnmore-the-trilogy-Part-2.html,Workless Earnmore the trilogy Part 2,,9.78603E+12,TDW,Mei - 2021,170,350 gr,Soft Cover,140x210mm,Pengembangan Diri,-,Indonesia,Stok Tersedia.
https://www.bukukita.com/searchresult.php?id=3&key=2628,,,,,,,,,,,,,
https://www.bukukita.com/Remaja/Pengembangan-Diri/167977-Breaking-The-Wall.html,Breaking The Wall,,9.78624E+12,PT Rumah Tulis,Agustus - 2021,304,400 gr,Hard Cover,-,Pengembangan Diri,-,Indonesia,Stok Tersedia.
https://www.bukukita.com/searchresult.php?id=3&key=898,,,,,,,,,,,,,
https://www.bukukita.com/Buku-Teks/Matematika/88500-Buku-Saku-Kumpulan-Rumus-Matematika-SMA-IPA.html,Buku Saku Kumpulan Rumus Matematika SMA IPA (Sesuai Daftar Isi KTSP 2006),,-,Pustaka Ceria,2008,-,100 gr,Soft Cover,-,Matematika,-,Indonesia,Stok Tersedia.
https://www.bukukita.com/searchresult.php?id=3&key=1842,,,,,,,,,,,,,
https://www.bukukita.com/Hobi-dan-Usaha/Menulis/148186-Panduan-Menulis-Siswa-Tingkat-Dasar.html,Panduan Menulis Siswa Tingkat Dasar,,-,Eureka Academia,2015,114,250 gr,Soft Cover,-,Menulis,-,Indonesia,Stok Tersedia.
https://www.bukukita.com/searchresult.php?id=3&key=2206,,,,,,,,,,,,,
"https://www.bukukita.com/Psikologi-dan-Pengembangan-Diri/Pengembangan-Diri/161023-WorkLess,-EarnMore-the-trilogy-Part-1.html","WorkLess, EarnMore the trilogy Part 1",,9.78603E+12,TDW,Februari - 2019,170,400 gr,Soft Cover,-,Pengembangan Diri,-,Indonesia,Stok Tersedia.
https://www.bukukita.com/Psikologi-dan-Pengembangan-Diri/Motivasi/169484-PROPERTI-KO.MO.DO.html,PROPERTI KO.MO.DO ( PIPO Hargiyanto ),,9.78624E+12,Bukukita.com,Nov-22,-,150 gr,Soft Cover,14x20mm,Motivasi,-,Indonesia,Stok Tersedia.
https://www.bukukita.com/searchresult.php?id=3&key=2657,,,,,,,,,,,,,
https://www.bukukita.com/Ekonomi-dan-Manajemen/Marketing/168788-Online-Advertising-Summary-:-Rangkuman-Tips-Beriklan-Selama-9-Tahun.html,Online Advertising Summary : Rangkuman Tips Beriklan Selama 9 Tahun,,-,The Conversion,Apr-22,143,300 gr,Soft Cover,-,Marketing,-,Indonesia,Stok Tersedia.
https://www.bukukita.com/Komik/Komedi/140421-Komik-Dari-Twit-nya-Raditya-Dika.html,Komik Dari Twit-nya Raditya Dika (Disc 50%),,9.7898E+12,GagasMedia,Februari - 2016,140,250 gr,Soft Cover,13x19mm,Komedi,Edisi Tanda Tangan,Indonesia,Stok Tersedia.
https://www.bukukita.com/Produk-lainnya/Membership/167330-Keanggotaan-Investasi-Dropship-Bukukita.html,,,,,Februari - 2021,-,1 gr,-,-,Membership,-,Indonesia,Stok Tersedia.
https://www.bukukita.com/Produk-lainnya/Membership/167329-Keanggotaan-Investasi-Reseller-Bukukita.html,,,,,Februari - 2021,-,1 gr,-,-,Membership,-,Indonesia,Stok Tersedia.
https://www.bukukita.com/Agama/Islam/169652-Logika-Agama.html,Logika Agama (EDISI BARU),,-,Lentera Hati,Januari - 2023,296,400 gr,Soft Cover,15x23mm,Islam,-,Indonesia,Gudang Penerbit
https://www.bukukita.com/Anak-Anak/Keterampilan/135873-Belajar-Mewarnai-Boboi-Boy-Edisi-ke-2.html,Belajar Mewarnai Boboi Boy Edisi ke-2,,9.78602E+12,Kurniaesa,Juni - 2015,-,50 gr,Soft Cover,-,Keterampilan,-,Indonesia,Stok Tersedia.
https://www.bukukita.com/searchresult.php?id=3&key=41,,,,,,,,,,,,,
https://www.bukukita.com/Buku-Novel/Teenlit/150939-Feel-Real.html,Feel Real (Disc 50%),,9.7898E+12,GagasMedia,Juli - 2017,430,450 gr,Soft Cover,14x20mm,Teenlit,-,Indonesia,Stok Tersedia.
https://www.bukukita.com/searchresult.php?id=3&key=1226,,,,,,,,,,,,,
https://www.bukukita.com/Agama/Al-Quran/98042-Al-Quran-AN-NUR.html,Al-Qur'an AN NUR,,-,Fokus Media,Nov-11,-,400 gr,-,-,Al-Quran,-,Indonesia,Stok Tersedia.
https://www.bukukita.com/Hobi-dan-Usaha/Keterampilan-&-Desain/108968-Berbagai-Hasil-Pekerjaan-dan-Keterampilan.html,Berbagai Hasil Pekerjaan dan Keterampilan,,978,Titian Ilmu,2008,68,100 gr,Soft Cover,-,Keterampilan & Desain,-,Indonesia,Stok Tersedia.
https://www.bukukita.com/searchresult.php?id=3&key=1350,,,,,,,,,,,,,
https://www.bukukita.com/Buku-Novel/Romance/141582-PINKLUV.html,PINKLUV (Non TTD) (Disc 30%),,9.78603E+12,Loveable,Maret - 2016,-,145 gr,Soft Cover,-,Romance,-,Indonesia,Stok Tersedia.
https://www.bukukita.com/searchresult.php?id=3&key=293,,,,,,,,,,,,,
https://www.bukukita.com/Agama/Islam/140783-Risalah-Shalat-dan-Majmu-Syarir-Superlengkap.html,Risalah Shalat dan Majmu Syarir Superlengkap,,9.78602E+12,Puspa Swara,Februari - 2016,472,400 gr,Soft Cover,-,Islam,-,Indonesia,Stok Tersedia.
https://www.bukukita.com/Hobi-dan-Usaha/Tanaman-&-Taman/150040-Sukses-Budidaya-Jahe.html,Sukses Budidaya Jahe (Untung Bersih Hingga 95 Juta),,9.78603E+12,Anak Hebat Indonesia,Apr-17,-,250 gr,Soft Cover,-,Tanaman & Taman,-,Indonesia,Stok Tersedia.
https://www.bukukita.com/Buku-Novel/Romance/150234-Di-Penghujung-Pelukan.html,Di Penghujung Pelukan (Disc 50%),,9.7898E+12,TransMedia Pustaka,Mei - 2017,280,250 gr,Soft Cover,13x19mm,Romance,-,Indonesia,Stok Tersedia.
https://www.bukukita.com/searchresult.php?id=3&key=45,,,,,,,,,,,,,
https://www.bukukita.com/Biografi-dan-Memoar/Biografi/121522-Kisah-Seru-Bintang-Sepak-Bola-Muslim.html,Kisah Seru Bintang Sepak Bola Muslim,,9.78602E+12,Adi Bintang,Januari - 2014,-,420 gr,Soft Cover,-,Biografi,-,Indonesia,Stok Tersedia.
https://www.bukukita.com/searchresult.php?id=3&key=2203,,,,,,,,,,,,,
https://www.bukukita.com/Buku-Novel/Remaja/163832-Just-You-and-Me.html,Just You and Me,,9.78624E+12,Storial Publishing,Nov-19,-,250 gr,Soft Cover,-,Remaja,-,Indonesia,Stok Tersedia.
https://www.bukukita.com/searchresult.php?id=3&key=1566,,,,,,,,,,,,,
https://www.bukukita.com/Agama/Islam/146848-Hadis-Tarbawi.html,Hadis Tarbawi,,9.7898E+12,Remaja Rosdakarya,2015,152,300 gr,Soft Cover,-,Islam,-,Indonesia,Stok Tersedia.
https://www.bukukita.com/searchresult.php?id=3&key=1908,,,,,,,,,,,,,
https://www.bukukita.com/Inspirasi-dan-Spiritual/Kiat-Sukses/168465-Buku-Business-Start-Up-Primbon-Helmy-Yahya.html,Buku Business Start Up Primbon Helmy Yahya,,9.78624E+12,Bukukita.com,Januari - 2022,-,900 gr,Soft Cover,-,Kiat Sukses,-,Indonesia,Stok Tersedia.
https://www.bukukita.com/Orang-Tua-dan-Keluarga/Orang-Tua-dan-Anak/153355-Musketeer-Siblings:-Membangun-Persaudaraan-yang-Akur-dan-Kompak-di-antara-Anak-Anak-Anda.html,Musketeer Siblings: Membangun Persaudaraan yang Akur dan Kompak di antara Anak-Anak Anda,,9.78603E+12,Growing Publishing,Oktober - 2017,-,200 gr,Soft Cover,-,Orang Tua dan Anak,-,Indonesia,Stok Tersedia.
https://www.bukukita.com/Inspirasi-dan-Spiritual/Entrepreneurship/103209-MBS-:-Money-&-Business-Skills.html,MBS : Money & Business Skills,,97860219729,W & G Wealth & Grow,Mei - 2012,152,500 gr,soft cover,-,Entrepreneurship,-,Indonesia,Stok Tersedia.
https://www.bukukita.com/Buku-Novel/Islam/166448-Cinta-untuk-Perempuan-yang-Tidak-Sempurna.html,Cinta untuk Perempuan yang Tidak Sempurna (Reguler),,9.78603E+12,Literati-books,Juli - 2020,160,350 gr,Soft Cover,140x210mm,Islam,-,Indonesia,Stok Tersedia.
https://www.bukukita.com/Agama/Islam/135011-Renungan-Sufistik:-Renungan-Penentram-Hati.html,Renungan Sufistik: Renungan Penentram Hati,,9.78603E+12,Oncor Semesta Publisher,2012,-,100 gr,Soft Cover,-,Islam,-,Indonesia,Stok Tersedia.
https://www.bukukita.com/Aksesoris-Kado-&-Parcel/Kertas-Kado/157444-Bungkus-Kertas-Kado-Motif-Angry-Birds-1.html,Bungkus Kertas Kado Motif Angry Birds 1,,-,Bukukita.com,2018,-,25 gr,-,-,Kertas Kado,-,Indonesia,Stok Tersedia.
https://www.bukukita.com/Psikologi-dan-Pengembangan-Diri/Pengembangan-Diri/168940-Live-the-Moment.html,Live the Moment,,9.78624E+12,Gemilang,Juli - 2022,480,500 gr,Soft Cover,-,Pengembangan Diri,-,Indonesia,Stok Tersedia.
https://www.bukukita.com/Ekonomi-dan-Manajemen/Bisnis-Investasi/169389-Strategi-Bisnis-Berbasis-Cinta:-Menjadikan-Cinta-Dan-Kasih.html,Strategi Bisnis Berbasis Cinta: Menjadikan Cinta Dan Kasih,,9.78624E+12,Gemilang,Sep-22,401,350 gr,Soft Cover,13x20mm,Bisnis-Investasi,-,Indonesia,Stok Tersedia.
https://www.bukukita.com/Agama/Islam/156993-Jilbab-Pakaian-Wanita-Muslimah-Edisi-Terbaru.html,Jilbab Pakaian Wanita Muslimah - Edisi Terbaru,,9.78603E+12,Lentera Hati,Mei - 2018,-,200 gr,Soft Cover,-,Islam,-,Indonesia,Stok Tersedia.
https://www.bukukita.com/Agama/Islam/169388-Jika-Allah-Berkehendak-Tak-Ada-Yang-Mustahil.html,Jika Allah Berkehendak Tak Ada Yang Mustahil,,9.78624E+12,Alifia Books,Sep-22,-,350 gr,Soft Cover,13x20mm,Islam,-,Indonesia,Stok Tersedia.
https://www.bukukita.com/Agama/Islam/140082-Pengantin-Al-Quran-:-8-Nasehat-Perkawinan-Untuk-Anak-anakku.html,Pengantin Al-Quran : 8 Nasehat Perkawinan Untuk Anak-anakku,,9.78603E+12,Lentera Hati,Januari - 2016,-,400 gr,Soft Cover,-,Islam,-,Indonesia,Stok Tersedia.
https://www.bukukita.com/searchresult.php?id=3&key=2179,,,,,,,,,,,,,
https://www.bukukita.com/Buku-Novel/Anak-Anak/159596-Kumpulan-Cerita-Islami-Pengantar-Tidur-Anak.html,Kumpulan Cerita Islami - Pengantar Tidur Anak,,9.78603E+12,Mueeza kids,Oktober - 2018,-,350 gr,Soft Cover,-,Anak-Anak,-,Indonesia,Stok Tersedia.
https://www.bukukita.com/Psikologi-dan-Pengembangan-Diri/Pengembangan-Diri/169517-Pahami-Jenis-Otak-Anda-dan-Maksimalkan-Kekuatannya-Agar-Anda-Lebih-Bahagia.html,Pahami Jenis Otak Anda dan Maksimalkan Kekuatannya Agar Anda Lebih Bahagia,,9.78624E+12,Gemilang,Nov-22,464,520 gr,Soft Cover,15x23mm,Pengembangan Diri,-,Indonesia,Stok Tersedia.
https://www.bukukita.com/Buku-Novel/Remaja/81970-Gara-gara-Facebook.html,Gara-gara Facebook,,9.78603E+12,Leutika,Juli - 2010,188,200 gr,Soft Cover,-,Remaja,-,Indonesia,Stok Tersedia.
https://www.bukukita.com/searchresult.php?id=3&key=1296,,,,,,,,,,,,,
https://www.bukukita.com/Perhotelan-dan-Pariwisata/Pariwisata/126710-MPASI-Travelling-Cihuy!.html,MPASI Travelling Cihuy! (Edisi Baru),,9.78602E+12,Asha Book,Juni - 2014,-,100 gr,Soft Cover,-,Pariwisata,-,Indonesia,Stok Tersedia.
https://www.bukukita.com/Agama/Islam/169629-Mindset-Islami-Muslimah-Milenial.html,Mindset Islami Muslimah Milenial,,9.78624E+12,Alifia Books,Januari - 2023,336,300 gr,Soft Cover,13x20mm,Islam,-,Indonesia,Stok Tersedia.
https://www.bukukita.com/katalogbukuatribut.php?atrId=2&page=1,,,,,,,,,,,,,
https://www.bukukita.com/Psikologi-dan-Pengembangan-Diri/Pengembangan-Diri/168350-Baca-Buku-Ini-Saat-Engkau-Marah.html,Baca Buku Ini Saat Engkau Marah,,9.78623E+12,Psikologi Corner,Nov-21,200,200 gr,soft cover,-,Pengembangan Diri,-,Indonesia,Stok Tersedia.
https://www.bukukita.com/Psikologi-dan-Pengembangan-Diri/Psikologi/169469-Seni-Mencintai-Diri-Sendiri.html,Seni Mencintai Diri Sendiri ( Anak Hebat ),,9.78623E+12,Psikologi Corner,Oktober - 2022,210,190 gr,Soft Cover,14x20mm,Psikologi,-,Indonesia,Stok Tersedia.
https://www.bukukita.com/Buku-Novel/Remaja/82016-Trilogi-Bono-&-Bawon-:-Selamat-Tinggal-Ca....html,Trilogi Bono & Bawon : Selamat Tinggal Ca...,,9.78603E+12,Leutika,Juli - 2010,-,250 gr,Soft Cover,-,Remaja,-,Indonesia,Stok Tersedia.
https://www.bukukita.com/Non-Fiksi-Lainnya/Kisah-Nyata/121931-Ibu-Sayang-Kamu.html,Ibu Sayang Kamu,,9.78602E+12,Adi Bintang,Januari - 2014,-,250 gr,Soft Cover,-,Kisah Nyata,-,Indonesia,Stok Tersedia.
https://www.bukukita.com/Agama/Al-Quran/98043-AN-NUR-AL-QURAN.html,AN NUR AL-QURAN,,-,Fokus Media,Nov-11,-,350 gr,-,-,Al-Quran,-,Indonesia,Stok Tersedia.
https://www.bukukita.com/Agama/Islam/79790-Dahsyatnya-Doa-Orang-Teraniaya.html,Dahsyatnya Doa Orang Teraniaya (2010),,978,Al Mawardi,Mei - 2010,-,300 gr,Hard Cover,-,Islam,-,Indonesia,Stok Tersedia.
https://www.bukukita.com/searchresult.php?id=3&key=80,,,,,,,,,,,,,
https://www.bukukita.com/Kesehatan-dan-Lingkungan/Pengetahuan-Kesehatan/141450-Sehat-dengan-Rempah-dan-Bumbu-Dapur.html,Sehat dengan Rempah dan Bumbu Dapur,,9.78602E+12,Kompas,Maret - 2016,-,250 gr,Soft Cover,-,Pengetahuan Kesehatan,-,Indonesia,Stok Tersedia.
"https://www.bukukita.com/Agama/Islam/167124-Islam-&-Kebangsaan:-Tauhid,-Kemanusiaan-dan-Kewarganegaraan.html","Islam & Kebangsaan: Tauhid, Kemanusiaan dan Kewarganegaraan(Reguler)",,9.78624E+11,Lentera Hati,Nov-20,176,350 gr,Soft Cover,-,Islam,-,Indonesia,Stok Tersedia.
https://www.bukukita.com/Anak-Anak/Islam/138880-Doa-Anak-Saleh-Al-Ikhlas-Jilid-2-BK.html,Doa Anak Saleh Al-Ikhlas Jilid 2 BK,,9.78602E+12,IKHLAS MEDIA,Nov-15,-,400 gr,Soft Cover,-,Islam,-,Indonesia,Stok Tersedia.
https://www.bukukita.com/Anak-Anak/Islam/138884-Doa-Anak-Saleh-Al-Ikhlas-Jilid-3-BK.html,Doa Anak Saleh Al-Ikhlas Jilid 3 BK,,9.78602E+12,IKHLAS MEDIA,Nov-15,-,400 gr,Soft Cover,-,Islam,-,Indonesia,Stok Tersedia.
https://www.bukukita.com/searchresult.php?id=3&key=35,,,,,,,,,,,,,
https://www.bukukita.com/Anak-Anak/Islam/138881-Doa-Anak-Saleh-Al-Ikhlas-Jilid-4-BK.html,Doa Anak Saleh Al-Ikhlas Jilid 4 BK,,9.78602E+12,IKHLAS MEDIA,Nov-15,-,400 gr,Soft Cover,-,Islam,-,Indonesia,Stok Tersedia.
https://www.bukukita.com/Masakan-dan-Makanan/Resep-Masakan/157703-Menu-Terfavorit-dan-Hit-dari-instagram-Cooking-With-Sheila-Full-Colour.html,Menu Terfavorit dan Hit dari instagram Cooking With Sheila - Full Colour,,9.78979E+12,Andi Publisher,Juli - 2018,376,900 gr,Soft Cover,-,Resep Masakan,-,Indonesia,Stok Tersedia.
https://www.bukukita.com/Agama/Islam/135015-JAHILIYAH-KONTEMPORER-DAN-HEGEMONI-NALAR-KEKERASAN-:-Merajut-Islam-Indonesia-Membangun-Peradaban-Dunia.html,JAHILIYAH KONTEMPORER DAN HEGEMONI NALAR KEKERASAN : Merajut Islam Indonesia Membangun Peradaban Dunia,,9.78602E+12,Lkis,2014,198,250 gr,Soft Cover,-,Islam,-,Indonesia,Stok Tersedia.
https://www.bukukita.com/Agama/Islam/162629-Aisyah-Ibu-dan-Guru-Ummat-Muslim-Hard-Cover.html,Aisyah Ibu dan Guru Ummat Muslim - Hard Cover,,9.78602E+12,Tatban,Oktober - 2017,-,500 gr,Hard Cover,-,Islam,-,Indonesia,Stok Tersedia.
https://www.bukukita.com/searchresult.php?id=3&key=1590,,,,,,,,,,,,,
https://www.bukukita.com/searchresult.php?id=3&key=1550,,,,,,,,,,,,,
https://www.bukukita.com/Anak-Anak/Keterampilan/127452-Belajar-Sambil-Bermain.html,Belajar Sambil Bermain,,9.78603E+12,Batavia Imaji,Agustus - 2014,-,100 gr,Soft Cover,-,Keterampilan,-,Indonesia,Stok Tersedia.
https://www.bukukita.com/Buku-Novel/Romance/166568-Putri-Hujan-Dan-Kesatria-Malam.html,Putri Hujan Dan Kesatria Malam (Reguler),,9.78603E+12,Lentera Hati,Agustus - 2020,468,400 gr,Soft Cover,130x190mm,Romance,-,Indonesia,Stok Tersedia.
https://www.bukukita.com/Aksesoris-Kado-&-Parcel/Kertas-Kado/157445-Bungkus-Kertas-Kado-Motif-Angry-Birds-2.html,Bungkus Kertas Kado Motif Angry Birds 2,,-,Bukukita.com,2018,1,25 gr,-,-,Kertas Kado,-,Indonesia,Stok Tersedia.
https://www.bukukita.com/Biografi-dan-Memoar/Memoar/139011-Sweetness-of-Cindy-Gulla.html,Sweetness of Cindy Gulla ( Edisi Tanda Tangan ),,9.78602E+12,Bukune,Desember - 2015,152,120 gr,Soft Cover,-,Memoar,-,Indonesia,Stok Tersedia.
https://www.bukukita.com/Biografi-dan-Memoar/Memoar/129620-Catatan-Rahasia-Dokter-Pribadi-Hitler.html,Catatan Rahasia Dokter Pribadi Hitler,,9.78603E+12,Oncor Semesta Publisher,Februari - 2014,416,500 gr,Soft Cover,-,Memoar,-,Indonesia,Stok Tersedia.
https://www.bukukita.com/Agama/Islam/162663-Kumpulan-Khotbah-Jumat-Terbaik-Sepanjang-Tahun-Hijriah-Hard-Cover.html,Kumpulan Khotbah Jumat Terbaik Sepanjang Tahun Hijriah - Hard Cover,,9.78603E+12,Senja Publishing,2018,-,1200 gr,Hard Cover,-,Islam,-,Indonesia,Stok Tersedia.
https://www.bukukita.com/Buku-Novel/Romance/163112-11.11-I-Wish-For-You-By-The-Way.html,11.11 I Wish For You By The Way,,9.78624E+12,Reynara,Agustus - 2019,-,300 gr,Soft Cover,-,Romance,-,Indonesia,Stok Tersedia.
https://www.bukukita.com/searchresult.php?id=3&key=2232,,,,,,,,,,,,,
https://www.bukukita.com/searchresult.php?id=3&key=1784,,,,,,,,,,,,,
https://www.bukukita.com/Agama/Al-Quran/144409-AL-AKHYAR-A6.html,AL-AKHYAR A6 (COVER PINK),,-,Mulia Qur'an,Juni - 2016,-,500 gr,-,76x110mm,Al-Quran,-,Indonesia,Stok Tersedia.
https://www.bukukita.com/searchresult.php?id=3&key=857,,,,,,,,,,,,,
https://www.bukukita.com/Hobi-dan-Usaha/Musik/110442-Kumpulan-lagu-Super-Hits.html,Kumpulan lagu Super Hits,,9.7908E+12,Laskar Aksara,Februari - 2013,-,200 gr,Soft Cover,-,Musik,-,Indonesia,Stok Tersedia.
https://www.bukukita.com/Agama/Islam/82854-Maknai-Terus-Sholatmu.html,Maknai Terus Sholatmu,,97989664060,Lkis,2007,133,150 gr,-,-,Islam,-,Indonesia,Stok Tersedia.
https://www.bukukita.com/Agama/Islam/87747-Masyarakat-Tak-Bernegara-;-Kritik-Teori-Politik-Islam.html,Masyarakat Tak Bernegara ; Kritik Teori Politik Islam,,9.78979E+12,Lkis,Juni - 2001,102,150 gr,Soft Cover,-,Islam,-,Indonesia,Stok Tersedia.
https://www.bukukita.com/searchresult.php?id=3&key=1210,,,,,,,,,,,,,
https://www.bukukita.com/Non-Fiksi-Lainnya/Non-Fiksi-Umum/127273-Model-Letters-For-Young-Girls.html,Model Letters For Young Girls,,9794045748,Angkasa,Agustus - 2014,47,40 gr,Soft Cover,-,Non-Fiksi Umum,-,Indonesia,Stok Tersedia.
https://www.bukukita.com/Agama/Islam/114289-Tijaratan-Lan-Tabur.-Perniagaan-Tiada-Rugi.html,Tijaratan Lan Tabur. Perniagaan Tiada Rugi,,9.78603E+12,Pustaka Pesantren,2012,-,100 gr,Soft Cover,-,Islam,-,Indonesia,Stok Tersedia.
https://www.bukukita.com/searchresult.php?id=3&key=935,,,,,,,,,,,,,
https://www.bukukita.com/katalogbukuatribut.php?atrId=5&page=1,,,,,,,,,,,,,
"https://www.bukukita.com/Masakan-dan-Makanan/Resep-Masakan/113818-Aneka-Macaroon-Paling-Populer,-Favorit,-Istimewa.html","Aneka Macaroon Paling Populer, Favorit, Istimewa",,9.78603E+12,Dunia Kreasi,Mei - 2013,-,150 gr,Soft Cover,-,Resep Masakan,-,Indonesia,Stok Tersedia.
https://www.bukukita.com/Buku-Novel/Fiksi/162590-Ababil-dan-Tiga-Kitab-Iblis-Sebuah-Novel.html,Ababil dan Tiga Kitab Iblis - Sebuah Novel,,9.78603E+12,Literati-books,Oktober - 2015,-,450 gr,Soft Cover,-,Fiksi,-,Indonesia,Stok Tersedia.
https://www.bukukita.com/Aksesoris-Kado-&-Parcel/Kertas-Kado/157443-Bungkus-Kertas-Kado-Motif-Baby.html,Bungkus Kertas Kado Motif Baby,,-,Bukukita.com,2018,1,25 gr,-,-,Kertas Kado,-,Indonesia,Stok Tersedia.
"https://www.bukukita.com/Psikologi-dan-Pengembangan-Diri/Pengembangan-Diri/159621-Strategi-Kepemimpinan,-Bisnis,-Pemasaran-dan-Kehidupan-Sehari-hari-Ala-Sun-Tzu.html","Strategi Kepemimpinan, Bisnis, Pemasaran dan Kehidupan Sehari-hari Ala Sun Tzu",,9.78603E+12,Anak Hebat Indonesia,Oktober - 2018,-,300 gr,Soft Cover,-,Pengembangan Diri,-,Indonesia,Stok Tersedia.
https://www.bukukita.com/Referensi/Ensiklopedia/125717-Ensiklopedia-Tata-Bahasa-Indonesia.html,Ensiklopedia Tata Bahasa Indonesia,,-,Kunci Aksara,Juni - 2014,-,200 gr,Soft Cover,-,Ensiklopedia,-,Indonesia,Stok Tersedia.
https://www.bukukita.com/searchresult.php?id=3&key=1077,,,,,,,,,,,,,
https://www.bukukita.com/Agama/Islam/108894-Pengantar-Studi-Al-Quran-:-Teori-dan-Pendekatan.html,Pengantar Studi Al-Quran : Teori dan Pendekatan,,9.78979E+12,Lkis,Nov-12,224,500 gr,Soft Cover (HVS),-,Islam,-,Indonesia,Stok Tersedia.
https://www.bukukita.com/Agama/Islam/83043-Spiritual-Soft-Drink.html,Spiritual Soft Drink,,9798452437,Lkis,2008,-,100 gr,Soft Cover,-,Islam,-,Indonesia,Stok Tersedia.
https://www.bukukita.com/Psikologi-dan-Pengembangan-Diri/Pengembangan-Diri/168089-Terapi-Depresi.html,Terapi Depresi,,9.78624E+12,Psikologi Corner,Oktober - 2019,328,320 gr,soft cover,-,Pengembangan Diri,-,Indonesia,Stok Tersedia.
https://www.bukukita.com/Psikologi-dan-Pengembangan-Diri/Psikologi/161364-The-Happy-Therapy-Book.html,The Happy Therapy Book [Resep Sederhana Hidup Bahagia - Edisi TTD Penulis],,9.78603E+12,Lentera Hati,Maret - 2019,134,200 gr,Soft Cover,14x21mm,Psikologi,-,Indonesia,Stok Tersedia.
https://www.bukukita.com/Inspirasi-dan-Spiritual/Pendidikan-&-Pengajar/112621-Sekolah-dalam-Himpitan-Google-dan-Bimble.html,Sekolah dalam Himpitan Google dan Bimble,,9.78979E+12,Lkis,2013,352,350 gr,Soft Cover (HVS),-,Pendidikan & Pengajar,-,Indonesia,Stok Tersedia.
https://www.bukukita.com/searchresult.php?id=3&key=801,,,,,,,,,,,,,
https://www.bukukita.com/Inspirasi-dan-Spiritual/Inspirasional/81962-Kunci-Pribadi-Mantap.html,Kunci Pribadi Mantap,,9.78603E+12,Leutika,Juli - 2010,252,300 gr,Soft Cover,-,Inspirasional,-,Indonesia,Stok Tersedia.
https://www.bukukita.com/searchresult.php?id=3&key=1109,,,,,,,,,,,,,
"https://www.bukukita.com/Inspirasi-dan-Spiritual/Inspirasional/108354-ZeroPreneurs-:-Kisah,-Strategi,-Keringat-&-Air-Mata-Darah,-Bahkan-Tanpa-Mata-&-Telinga,-serta-Sedekah.html","ZeroPreneurs : Kisah, Strategi, Keringat & Air Mata Darah, Bahkan Tanpa Mata & Telinga, serta Sedekah",,9.78602E+12,W & G Wealth & Grow,Desember - 2012,208,200 gr,Soft Cover (Book Paper),-,Inspirasional,-,Indonesia,Stok Tersedia.
https://www.bukukita.com/Buku-Novel/Remaja/162587-Selestia-dan-Penjara-Teka-teki.html,Selestia dan Penjara Teka-teki,,9.78603E+12,Buah Hati,Nov-16,254,300 gr,Soft Cover,-,Remaja,-,Indonesia,Stok Tersedia.
https://www.bukukita.com/searchresult.php?id=3&key=1477,,,,,,,,,,,,,
https://www.bukukita.com/Agama/Islam/152982-Fikih-Wanita-Sepanjang-Masa.html,Fikih Wanita Sepanjang Masa,,9.78603E+12,MUTIARA ALAMAH,Oktober - 2017,-,450 gr,Soft Cover,-,Islam,Link QR CODE VIDEO TUTORIA HIJAB,Indonesia,Stok Tersedia.
https://www.bukukita.com/Agama/Islam/167379-Mukjizat-Sabar-Syukur-Ikhlas:-Rahasia-Hidup-Bahagia-Dunia-Ak.html,Mukjizat Sabar Syukur Ikhlas: Rahasia Hidup Bahagia Dunia Ak,,9.78623E+12,Mueeza,Oktober - 2020,172,200 gr,Soft Cover,-,Islam,-,Indonesia,Stok Tersedia.
https://www.bukukita.com/searchresult.php?id=3&key=714,,,,,,,,,,,,,
https://www.bukukita.com/Agama/Islam/113565-Mutiara-Zikir-&-Doa.html,Mutiara Zikir & Doa,,9.78979E+12,Pustaka Hidayah,2013,-,500 gr,Soft Cover,-,Islam,-,Indonesia,Stok Tersedia.
https://www.bukukita.com/Ekonomi-dan-Manajemen/Ekonomi/116727-Sekilas-Mengenal-Ekspor-dan-Impor-BK.html,Sekilas Mengenal Ekspor dan Impor BK,,9.78603E+12,IKHLAS MEDIA,Juli - 2013,135,275 gr,Soft Cover,-,Ekonomi,-,Indonesia,Stok Tersedia.
https://www.bukukita.com/Agama/Islam/121394-AL-MATSURAT-WAZIFAH-KUBRA.html,AL-MATSURAT WAZIFAH KUBRA (Jenis 1) pelangi,,-,Indiva Media Kreasi,Januari - 2014,-,50 gr,Soft Cover,-,Islam,-,Indonesia,Stok Tersedia.
https://www.bukukita.com/Buku-Novel/Remaja/129516-SMTown-Salah-Gaul-3.html,SMTown Salah Gaul 3,,9.78602E+12,Matahari,Oktober - 2014,258,250 gr,Soft Cover,-,Remaja,-,Indonesia,Stok Tersedia.
https://www.bukukita.com/Buku-Novel/Fiksi/109849-Brandsetters-An-Inner-Circle-Novel.html,Brandsetters An Inner Circle Novel,,9.78603E+12,Buah Hati,Januari - 2013,256,300 gr,Soft Cover (Book Paper),-,Fiksi,-,English,Stok Tersedia.
https://www.bukukita.com/Orang-Tua-dan-Keluarga/Orang-Tua-dan-Anak/162662-Storypedid-Kasih-Ibu-Sepanjang-Masa.html,Storypedid Kasih Ibu Sepanjang Masa,,9.78603E+12,Buah Hati,2013,-,450 gr,Soft Cover,-,Orang Tua dan Anak,-,Indonesia,Stok Tersedia.
https://www.bukukita.com/Anak-Anak/Islam/115114-Juz-Ammaku-BK.html,Juz 'Ammaku BK,,9.78602E+12,IKHLAS MEDIA,Juni - 2013,-,100 gr,Soft Cover,-,Islam,-,Indonesia,Stok Tersedia.
https://www.bukukita.com/Agama/Islam/110607-Berdoalah-Dalam-Mewujudkan-Impian-Impian-Anda.html,Berdoalah Dalam Mewujudkan Impian-Impian Anda (2013),,9.78603E+12,Al Mawardi,Februari - 2013,-,250 gr,Soft Cover,-,Islam,-,Indonesia,Stok Tersedia.
https://www.bukukita.com/Psikologi-dan-Pengembangan-Diri/Psikologi/168472-Sebuah-seni-untuk-meyakinkan-orang.html,Sebuah seni untuk meyakinkan orang ( Cover Baru ),,9.78624E+12,Gemilang,Januari - 2022,472,450 gr,Soft Cover,-,Psikologi,-,Indonesia,Stok Tersedia.
https://www.bukukita.com/searchresult.php?id=3&key=705,,,,,,,,,,,,,
https://www.bukukita.com/searchresult.php?id=3&key=491,,,,,,,,,,,,,
https://www.bukukita.com/Agama/Islam/70096-Bercinta-Cara-Nabi-dan-Raja.html,Bercinta Cara Nabi dan Raja,,9.78979E+12,Pena Saran Media,2008,178,150 gr,Soft Cover,-,Islam,-,Indonesia,Stok Tersedia.
https://www.bukukita.com/Sastra-dan-Filsafat/Cerpen/133232-Kisah-Dalam-Satu-Jam.html,Kisah Dalam Satu Jam,,9.78603E+12,Literati-books,Maret - 2015,-,250 gr,Soft Cover,-,Cerpen,-,Indonesia,Stok Tersedia.
"https://www.bukukita.com/Referensi/Referensi-Umum/155870-Literasi-Media:-Apa,-Mengapa,-Bagaimana-Edisi-Revisi.html","Literasi Media: Apa, Mengapa, Bagaimana Edisi Revisi",,9.78979E+12,Simbiosa Rekatama Media,Maret - 2018,189,300 gr,Soft Cover,-,Referensi Umum,-,Indonesia,Stok Tersedia.
https://www.bukukita.com/Komputer-dan-Internet/Internet/78352-Awas!-Hati-Hati-dengan-Emailmu-:-Etika-Beremail-dan-Panduan-Mengelola-yang-Efektif.html,Awas! Hati-Hati dengan Emailmu : Etika Beremail dan Panduan Mengelola yang Efektif,,978,Kataelha,Maret - 2010,-,300 gr,Soft Cover,-,Internet,-,Indonesia,Stok Tersedia.
https://www.bukukita.com/Agama/Islam/167690-Hidup-Bersama-Al-Quran-1.html,Hidup Bersama Al-Quran 1,,9.78624E+12,Lentera Hati,Apr-21,332,350 gr,Soft Cover,140x210mm,Islam,-,Indonesia,Stok Tersedia.
https://www.bukukita.com/Agama/Islam/105040-Dahsyatnya-Salat-Sunah-BK.html,Dahsyatnya Salat Sunah BK,,9.78602E+12,IKHLAS MEDIA,Juli - 2012,-,200 gr,Soft Cover,-,Islam,-,Indonesia,Stok Tersedia.
https://www.bukukita.com/Agama/Islam/167304-Dia-Di-Mana-Mana-:-Tangan-Tuhan-Di-Balik-Setiap-Fenomena.html,Dia Di Mana-Mana : Tangan Tuhan Di Balik Setiap Fenomena (Cover Baru),,9.78624E+12,Lentera Hati,Februari - 2021,472,450 gr,Soft Cover,140x210mm,Islam,-,Indonesia,Stok Tersedia.
https://www.bukukita.com/Bahasa-dan-Kamus/Belajar-Bahasa/149477-Buku-Sakti-Belajar-Bahasa-Korea.html,Buku Sakti Belajar Bahasa Korea,,9.78603E+12,Anak Hebat Indonesia,Maret - 2017,196,200 gr,Soft Cover,140x200mm,Belajar Bahasa,-,,Stok Tersedia.
https://www.bukukita.com/Psikologi-dan-Pengembangan-Diri/Pengembangan-Diri/159636-Mendeteksi-Kebohongan-dengan-Gesture-dan-Mikroekspresi.html,Mendeteksi Kebohongan dengan Gesture dan Mikroekspresi,,9.78603E+12,Anak Hebat Indonesia,Oktober - 2018,-,200 gr,Soft Cover,-,Pengembangan Diri,-,Indonesia,Stok Tersedia.
https://www.bukukita.com/Biografi-dan-Memoar/Biografi/159654-Raja-di-Negara-Republik:-Kehidupan-Sultan-Hamengku-Buwono-IX-dari-Yogyakarta.html,Raja di Negara Republik: Kehidupan Sultan Hamengku Buwono IX dari Yogyakarta,,9.78603E+12,Anak Hebat Indonesia,Oktober - 2018,508,500 gr,Soft Cover,-,Biografi,-,Indonesia,Stok Tersedia.
https://www.bukukita.com/Agama/Islam/166246-KHILAFAH:-Peran-Manusia-di-Bumi.html,KHILAFAH: Peran Manusia di Bumi (Reguler),,9.78624E+12,Lentera Hati,Juli - 2020,188,350 gr,Soft Cover,130x190mm,Islam,-,Indonesia,Stok Tersedia.
https://www.bukukita.com/Psikologi-dan-Pengembangan-Diri/Pengembangan-Diri/167298-Semua-Murid-Semua-Guru.html,Semua Murid Semua Guru (Seri 4) Edukasi di masa pandemi,,9.78603E+12,Literati-books,Januari - 2021,304,350 gr,Soft Cover,-,Pengembangan Diri,-,Indonesia,Stok Tersedia.
https://www.bukukita.com/Buku-Novel/Romance/148035-Imaji-Terindah.html,Imaji Terindah,,9.78603E+12,Lentera Hati,Desember - 2016,290,400 gr,soft cover,-,Romance,-,Indonesia,Stok Tersedia.
https://www.bukukita.com/Agama/Islam/157623-Seri-Makhluk-Ghaib-:-Malaikat-dalam-Al-Quran.html,Seri Makhluk Ghaib : Malaikat dalam Al-Quran,,9.78603E+12,Lentera Hati,Juli - 2018,-,150 gr,Soft Cover,-,Islam,-,Indonesia,Stok Tersedia.
https://www.bukukita.com/Buku-Novel/Remaja/146942-Selestia-dan-Penjara-Teka-teki.html,Selestia dan Penjara Teka-teki [Ber-TTD asli Penulis + Free buku Bajak Laut Popcorn],,9.78603E+12,Buah Hati,Nov-16,254,300 gr,Soft Cover,140x210mm,Remaja,-,Indonesia,Stok Tersedia.
https://www.bukukita.com/searchresult.php?id=3&key=2182,,,,,,,,,,,,,
https://www.bukukita.com/Bahasa-dan-Kamus/Belajar-Bahasa/159675-Belajar-Percakapan-Bahasa-Inggris-Tanpa-Mikir.html,Belajar Percakapan Bahasa Inggris Tanpa Mikir,,9.78603E+12,Pusat Kajian Bahasa,Oktober - 2018,-,200 gr,Soft Cover,-,Belajar Bahasa,-,,Stok Tersedia.
https://www.bukukita.com/Psikologi-dan-Pengembangan-Diri/Psikologi/168230-RESIGN-SEKARANG-JUGA-!.html,RESIGN SEKARANG JUGA !,,9.78623E+12,Psikologi Corner,Oktober - 2021,-,150 gr,Soft Cover,-,Psikologi,-,Indonesia,Stok Tersedia.
https://www.bukukita.com/searchresult.php?id=3&key=748,,,,,,,,,,,,,
https://www.bukukita.com/searchresult.php?id=3&key=2200,,,,,,,,,,,,,
https://www.bukukita.com/Agama/Islam/114075-Hidangan-Ramadhan.html,Hidangan Ramadhan,,9.78979E+12,Al Mawardi,2013,-,500 gr,Hard Cover,-,Islam,-,Indonesia,Stok Tersedia.
https://www.bukukita.com/Agama/Al-Quran/98046-AR-RAHMAN-AL-QURAN-Cover-Hijau.html,AR RAHMAN AL-QURAN Cover Hijau (2011),,-,Fokus Media,Nov-11,-,900 gr,Hard Cover,-,Al-Quran,-,Indonesia,Stok Tersedia.
https://www.bukukita.com/Biografi-dan-Memoar/Biografi/159658-STEVE-JOBS:-Seniman-Teknologi-Revolusioner-Abad-21.html,STEVE JOBS: Seniman Teknologi Revolusioner Abad 21,,9.78603E+12,Anak Hebat Indonesia,Oktober - 2018,-,250 gr,Soft Cover,-,Biografi,-,Indonesia,Stok Tersedia.
https://www.bukukita.com/searchresult.php?id=3&key=1224,,,,,,,,,,,,,
https://www.bukukita.com/searchresult.php?id=3&key=1894,,,,,,,,,,,,,
https://www.bukukita.com/Biografi-dan-Memoar/Biografi/107877-Mari-Bung-Rebut-Kembali-Surya-Paloh-2010-2012.html,Mari Bung Rebut Kembali - Surya Paloh 2010-2012,,9.78603E+12,Media Indonesia,Oktober - 2012,-,300 gr,soft cover,-,Biografi,-,Indonesia,Stok Tersedia.
https://www.bukukita.com/Buku-Sekolah/Penunjang-Pelajaran/106996-Tes-Potensi-Akademik.html,Tes Potensi Akademik,,9.78603E+12,Oncor Semesta Publisher,Agustus - 2010,118,150 gr,Soft Cover,-,Penunjang Pelajaran,-,Indonesia,Stok Tersedia.
https://www.bukukita.com/Agama/Islam/162870-AL-MAIDAH-51:-Satu-Firman-Beragam-Penafsiran.html,AL-MAIDAH 51: Satu Firman Beragam Penafsiran,,9.78603E+12,Lentera Hati,Juli - 2019,-,250 gr,Soft Cover,-,Islam,-,Indonesia,Stok Tersedia.
https://www.bukukita.com/searchresult.php?id=3&key=1486,,,,,,,,,,,,,
https://www.bukukita.com/Agama/Islam/162626-Hadits-Shahih-Bukhari-Muslim-Hard-Cover.html,Hadits Shahih Bukhari Muslim - Hard Cover,,9.78602E+12,FATHAN PRIMA MEDIA,2013,846,2100 gr,Hard Cover,-,Islam,-,Indonesia,Stok Tersedia.
https://www.bukukita.com/katalogbukuatribut.php?atrId=3&page=1,,,,,,,,,,,,,
https://www.bukukita.com/Agama/Islam/162665-Muhammad-Sang-Teladan-Hard-Cover.html,Muhammad Sang Teladan - Hard Cover,,9.78603E+12,Senja Publishing,2019,-,1100 gr,Hard Cover,-,Islam,-,Indonesia,Stok Tersedia.
https://www.bukukita.com/searchresult.php?id=3&key=1637,,,,,,,,,,,,,
https://www.bukukita.com/Anak-Anak/Pelajaran-Sekolah/129515-Insyaallah-Lulus-UN.html,Insyaallah Lulus UN,,9.78602E+12,Adi Bintang,Oktober - 2014,104,250 gr,Soft Cover,-,Pelajaran Sekolah,-,Indonesia,Stok Tersedia.
https://www.bukukita.com/Anak-Anak/Cerita-Anak/168624-YLAI-Interactive-Book-Tugas-Penting-Kartika.html,YLAI Interactive Book - Tugas Penting Kartika,,9.78602E+12,PELANGI INDONESIA,Maret - 2022,24,150 gr,soft cover,21x30mm,Cerita Anak,-,Indonesia,Stok Tersedia.
https://www.bukukita.com/searchresult.php?id=3&key=1303,,,,,,,,,,,,,
https://www.bukukita.com/searchresult.php?id=3&key=2654,,,,,,,,,,,,,
https://www.bukukita.com/searchresult.php?id=3&key=757,,,,,,,,,,,,,
https://www.bukukita.com/Anak-Anak/Pendidikan-Anak/131754-Storypedia-Nusantara.html,Storypedia Nusantara (Full Colour) (2013),,9.78603E+12,Buah Hati,Nov-13,-,500 gr,Soft Cover,-,Pendidikan Anak,-,Indonesia,Stok Tersedia.
https://www.bukukita.com/Sejarah-dan-Budaya/Kebudayaan/109924-Tarekat-Petani-:-Fenomena-Tarekat-Syattariyah-Lokal.html,Tarekat Petani : Fenomena Tarekat Syattariyah Lokal,,9.78979E+12,Lkis,Januari - 2013,250,250 gr,Soft Cover (HVS),-,Kebudayaan,-,Indonesia,Stok Tersedia.
https://www.bukukita.com/searchresult.php?id=3&key=808,,,,,,,,,,,,,
https://www.bukukita.com/Agama/Islam/157567-Islam-Yang-Saya-Pahami.html,Islam Yang Saya Pahami (reguler),,9.78603E+12,Lentera Hati,Juli - 2018,342,350 gr,Soft Cover,13x19mm,Islam,-,Indonesia,Stok Tersedia.
https://www.bukukita.com/searchresult.php?id=3&key=1346,,,,,,,,,,,,,
https://www.bukukita.com/Buku-Novel/Romance/122076-SCRAPE-MY-HEART.html,SCRAPE MY HEART,,9.78979E+12,Magenta Media,Februari - 2014,-,250 gr,soft cover,-,Romance,-,Indonesia,Stok Tersedia.
https://www.bukukita.com/Aksesoris-Kado-&-Parcel/Kertas-Kado/157442-Bungkus-Kertas-Kado-Motif-Walt-Disney-World.html,Bungkus Kertas Kado Motif Walt Disney World,,-,Bukukita.com,2018,-,25 gr,-,-,Kertas Kado,-,Indonesia,Stok Tersedia.
https://www.bukukita.com/Anak-Anak/Islam/138882-Doa-Anak-Saleh-Al-Ikhlas-Jilid-1-BK.html,Doa Anak Saleh Al-Ikhlas Jilid 1 BK,,9.78602E+12,IKHLAS MEDIA,Nov-15,-,400 gr,Soft Cover,-,Islam,-,Indonesia,Stok Tersedia.
https://www.bukukita.com/searchresult.php?id=3&key=1999,,,,,,,,,,,,,
https://www.bukukita.com/Buku-Novel/Romance/152787-The-Perfect-Charm.html,The Perfect Charm,,9.78603E+12,Histeria,Oktober - 2017,436,500 gr,Soft Cover,-,Romance,-,Indonesia,Stok Tersedia.
https://www.bukukita.com/Anak-Anak/Islam/138883-Doa-Anak-Saleh-Al-Ikhlas-Jilid-5-BK.html,Doa Anak Saleh Al-Ikhlas Jilid 5 BK,,9.78602E+12,IKHLAS MEDIA,Nov-15,-,400 gr,Soft Cover,-,Islam,-,Indonesia,Stok Tersedia.
https://www.bukukita.com/Aksesoris-Kado-&-Parcel/Kertas-Kado/157447-Bungkus-Kertas-Kado-Motif-Batik-Coklat-Muda.html,Bungkus Kertas Kado Motif Batik Coklat Muda,,-,Bukukita.com,2018,1,25 gr,-,-,Kertas Kado,-,Indonesia,Stok Tersedia.
https://www.bukukita.com/Psikologi-dan-Pengembangan-Diri/Pengembangan-Diri/130803-How-Successful-People-Lead.html,How Successful People Lead,,9.78603E+12,MIC,Nov-14,-,300 gr,Hard Cover,-,Pengembangan Diri,-,Indonesia,Stok Tersedia.
https://www.bukukita.com/Biografi-dan-Memoar/Biografi/163151-Sutopo-Purwo-Nugroho-Terjebak-Nostalgia.html,Sutopo Purwo Nugroho Terjebak Nostalgia [Reguler],,9.78603E+12,Literati-books,Agustus - 2019,208,350 gr,Soft Cover,15x23mm,Biografi,-,Indonesia,Stok Tersedia.
https://www.bukukita.com/searchresult.php?id=3&key=758,,,,,,,,,,,,,
https://www.bukukita.com/Orang-Tua-dan-Keluarga/Orang-Tua-dan-Anak/163306-Smart-Parenting:-2000-Kilat-Cerdas-Mendidik-Anak.html,Smart Parenting: 2000 Kilat Cerdas Mendidik Anak,,9.78624E+12,Alvabet,Agustus - 2019,-,300 gr,Soft Cover,-,Orang Tua dan Anak,-,Indonesia,Stok Tersedia.
https://www.bukukita.com/searchresult.php?id=3&key=1039,,,,,,,,,,,,,
https://www.bukukita.com/Biografi-dan-Memoar/Biografi/95548-Marco-van-Basten-:-Era-ac-Milan-dan-Oranye.html,Marco van Basten : Era ac Milan dan Oranye,,9.78979E+12,Pena Wormer,Agustus - 2011,256,500 gr,Soft Cover,140x210mm,Biografi,-,Indonesia,Stok Tersedia.
https://www.bukukita.com/Agama/Islam/161961-Kaidah-Tafsir.html,Kaidah Tafsir,,9.78603E+12,Lentera Hati,Mei - 2019,-,500 gr,Soft Cover,-,Islam,-,Indonesia,Stok Tersedia.
https://www.bukukita.com/searchresult.php?id=3&key=2134,,,,,,,,,,,,,
https://www.bukukita.com/Aksesoris-Kado-&-Parcel/Kertas-Kado/157448-Bungkus-Kertas-Kado-Motif-Batik-Coklat-Tua.html,Bungkus Kertas Kado Motif Batik Coklat Tua,,-,Bukukita.com,2018,1,25 gr,-,-,Kertas Kado,-,Indonesia,Stok Tersedia.
https://www.bukukita.com/Agama/Islam/126913-Kumpulan-Juz-30.-29.-28-Hadits-Arbain-&-al-Matsurat.html,Kumpulan Juz 30. 29. 28 Hadits Arbain & al-Matsurat,,-,Indiva Media Kreasi,Juli - 2014,-,100 gr,Soft Cover,-,Islam,-,Indonesia,Stok Tersedia.
https://www.bukukita.com/searchresult.php?id=3&key=2180,,,,,,,,,,,,,
https://www.bukukita.com/Sastra-dan-Filsafat/Jurnal-Sastra/122585-MetodePenelitian.html,MetodePenelitian ( wedatama ),,9.78979E+12,Wedatama Widya Sastra,Februari - 2014,-,360 gr,Soft Cover,-,Jurnal Sastra,-,Indonesia,Stok Tersedia.
https://www.bukukita.com/Agama/Islam/159660-Sabar-Kemudian-Syukur-Lalu-Ikhlas.html,Sabar Kemudian Syukur Lalu Ikhlas,,9.78603E+12,Mueeza,Oktober - 2018,-,300 gr,Soft Cover,-,Islam,-,Indonesia,Stok Tersedia.
"https://www.bukukita.com/Agama/Islam/160144-ISLAM-YANG-DISALAHPAHAMI:-Menepis-Prasangka,-Mengikis-Kekeliruan.html","ISLAM YANG DISALAHPAHAMI: Menepis Prasangka, Mengikis Kekeliruan (Reguler)",,9.78603E+12,Lentera Hati,Desember - 2018,376,350 gr,Soft Cover,-,Islam,Diskon 25%,Indonesia,Stok Tersedia.
https://www.bukukita.com/searchresult.php?id=3&key=2661,,,,,,,,,,,,,
https://www.bukukita.com/Inspirasi-dan-Spiritual/Inspirasional/169390-Connect-The-Dots.html,Connect The Dots,,-,Yahya&Yahya,Sep-22,204,300 gr,Soft Cover,-,Inspirasional,-,Indonesia,Stok Tersedia.
https://www.bukukita.com/Inspirasi-dan-Spiritual/Kiat-Sukses/106992-Mudah-Mencari-Kerja-:-Pedoman-Praktis-Bagi-Para-Pencari-Kerja.html,Mudah Mencari Kerja : Pedoman Praktis Bagi Para Pencari Kerja,,9.78603E+12,Oncor Semesta Publisher,Juni - 2010,80,100 gr,Soft Cover,-,Kiat Sukses,-,Indonesia,Stok Tersedia.
https://www.bukukita.com/katalogbukuatribut.php?atrId=4&page=1,,,,,,,,,,,,,
https://www.bukukita.com/Agama/Al-Quran/98044-AL-BAYAN-AL-QURAN.html,AL BAYAN AL-QUR'AN (BIRU),,-,Fokus Media,Nov-11,-,1000 gr,Hard Cover,-,Al-Quran,-,Indonesia,Stok Tersedia.
https://www.bukukita.com/searchresult.php?id=3&key=1336,,,,,,,,,,,,,
"https://www.bukukita.com/Buku-Sekolah/Penunjang-Pelajaran/137486-Akuntabilitas-:-Edisi-3,-Juni-September-2015-Downward-Accountability.html","Akuntabilitas : Edisi 3, Juni-September 2015 Downward Accountability",,9.7723E+12,Diandra Primamitra,Sep-15,-,250 gr,Soft Cover,-,Penunjang Pelajaran,-,Indonesia,Stok Tersedia.
https://www.bukukita.com/searchresult.php?id=3&key=1580,,,,,,,,,,,,,
https://www.bukukita.com/Agama/Islam/130689-Kisah-kisah-79-Teladan-Dahsyat-Sepanjang-Hayat.html,Kisah-kisah 79 Teladan Dahsyat Sepanjang Hayat,,9.7898E+12,Nabila Publising,Oktober - 2014,-,200 gr,Soft Cover,-,Islam,-,Indonesia,Stok Tersedia.
https://www.bukukita.com/Psikologi-dan-Pengembangan-Diri/Psikologi/157052-Cara-Ampuh-Menjadi-Pribadi-yang-Diterima-&-Disukai.html,Cara Ampuh Menjadi Pribadi yang Diterima & Disukai,,9.78603E+12,Anak Hebat Indonesia,Mei - 2018,-,250 gr,Soft Cover,-,Psikologi,-,Indonesia,Stok Tersedia.
https://www.bukukita.com/Masakan-dan-Makanan/Makanan/166558-Masakan-Timur-Tengah-Populer-Favorit-Ala-Chef-Salimoz.html,Masakan Timur Tengah Populer Favorit Ala Chef Salimoz,,9.78602E+12,Gramedia Pustaka Utama,Agustus - 2020,124,200 gr,soft cover,-,Makanan,-,Indonesia,Gudang Penerbit
https://www.bukukita.com/Psikologi-dan-Pengembangan-Diri/Pengembangan-Diri/168304-Your-Job-is-Not-Your-Career-:-Your-Ultimate-Career-Guide-2022.html,Your Job is Not Your Career : Your Ultimate Career Guide 2022,,9.78603E+12,Lentera Hati,Nov-21,204,200 gr,soft cover,-,Pengembangan Diri,-,Indonesia,Stok Tersedia.
https://www.bukukita.com/Sains-dan-Teknologi/Sains-Umum/168307-The-Magic-of-Reality.html,The Magic of Reality (edisi teks),,9.78602E+12,Gramedia Pustaka Utama,Juli - 2021,208,160 gr,soft cover,-,Sains Umum,-,Indonesia,Gudang Penerbit
https://www.bukukita.com/Buku-Novel/Remaja/169451-Pre-Order-Seluas-Langit-Biru-by-Sitta-Karina.html,Pre Order Seluas Langit Biru by Sitta Karina ( Edisi Tanda Tangan ),,9.78624E+12,Literati-books,Oktober - 2022,532,400 gr,Soft Cover,19x13mm,Remaja,Tanda Tangan Asli Sitta Karina,Indonesia,Stok Tersedia.
https://www.bukukita.com/searchresult.php?id=3&key=1276,,,,,,,,,,,,,
https://www.bukukita.com/Inspirasi-dan-Spiritual/Inspirasional/124042-NEZ-Inda-Club.html,NEZ Inda Club,,9.78602E+12,Matahari,Apr-14,-,600 gr,Soft Cover,-,Inspirasional,-,Indonesia,Stok Tersedia.
https://www.bukukita.com/Psikologi-dan-Pengembangan-Diri/Motivasi/69974-Kamu-Bukan-Bintang-:-10-Hal-yang-Menjadikanmu-Pecundang.html,Kamu Bukan Bintang : 10 Hal yang Menjadikanmu Pecundang,,979,Indiva Media Kreasi,2008,-,200 gr,Soft Cover,-,Motivasi,-,Indonesia,Stok Tersedia.
https://www.bukukita.com/searchresult.php?id=3&key=291,,,,,,,,,,,,,
https://www.bukukita.com/Busana-dan-Kecantikan/Aksesoris/113738-Ragam-Aksesoris-Berbusana-Paling-Cantik.html,Ragam Aksesoris Berbusana Paling Cantik,,9.78603E+12,Dunia Kreasi,Mei - 2013,-,150 gr,Soft Cover,-,Aksesoris,-,Indonesia,Stok Tersedia.
https://www.bukukita.com/searchresult.php?id=3&key=1113,,,,,,,,,,,,,
https://www.bukukita.com/Buku-Novel/Sosial-Budaya/166996-MENGELOLA-HARTA-KARUN-KARIMUNJAWA.html,MENGELOLA HARTA KARUN KARIMUNJAWA,,9.78602E+12,Wedatama Widya Sastra,Mei - 2020,252,250 gr,Soft Cover,-,Sosial-Budaya,-,Indonesia,Stok Tersedia.
https://www.bukukita.com/searchresult.php?id=3&key=1415,,,,,,,,,,,,,
https://www.bukukita.com/searchresult.php?id=3&key=884,,,,,,,,,,,,,
https://www.bukukita.com/Agama/Al-Quran/101979-MUSHAF-AL-HADI.html,MUSHAF AL-HADI (cover warna merah),,-,Fokus Media,2012,-,900 gr,Hard Cover,-,Al-Quran,-,Indonesia,Stok Tersedia.
https://www.bukukita.com/Masakan-dan-Makanan/Resep-Masakan/106605-Aneka-Olahan-Bebek.html,"Aneka Olahan Bebek (Enak, Renyah & Gurih) BK",,9.78602E+12,IKHLAS MEDIA,Sep-12,-,30 gr,Soft Cover,-,Resep Masakan,-,Indonesia,Stok Tersedia.
https://www.bukukita.com/searchresult.php?id=3&key=2644,,,,,,,,,,,,,
https://www.bukukita.com/Agama/Islam/122391-Mushaf-Al-ikhkas-BK.html,Mushaf Al-ikhkas BK,,-,IKHLAS MEDIA,Februari - 2014,-,900 gr,Hard Cover,-,Islam,-,Indonesia,Stok Tersedia.
https://www.bukukita.com/searchresult.php?id=3&key=1199,,,,,,,,,,,,,
https://www.bukukita.com/Humor/Umum/138318-FAK!-Frequently-Asked-Kuestions.html,FAK! - Frequently Asked Kuestions (Disc 50%),,9.78602E+12,Bukune,Oktober - 2015,144,125 gr,Soft Cover,-,Umum,Bonus Paper Doll,Indonesia,Stok Tersedia.
https://www.bukukita.com/searchresult.php?id=3&key=541,,,,,,,,,,,,,
https://www.bukukita.com/Buku-Novel/Petualangan/106995-Sekolah-Sambil-Berpetualang-:-Berani-berpetualang-di-Luar-Kelas.html,Sekolah Sambil Berpetualang : Berani berpetualang di Luar Kelas,,9.78603E+12,Oncor Semesta Publisher,2010,150,150 gr,Soft Cover,-,Petualangan,-,Indonesia,Stok Tersedia.
https://www.bukukita.com/Ekonomi-dan-Manajemen/Bisnis-Investasi/160016-Success-Guaranteed:-Garansi-Sukses-Di-Bisnis-MLM.html,Success Guaranteed: Garansi Sukses Di Bisnis MLM,,9.78602E+12,MIC,Nov-18,-,260 gr,Soft Cover,-,Bisnis-Investasi,-,Indonesia,Stok Tersedia.
https://www.bukukita.com/Agama/Islam/167332-Ishmatul-Anbiya:-Misi-Tanpa-Salah-Para-Pembawa-Risalah.html,Ishmatul Anbiya: Misi Tanpa Salah Para Pembawa Risalah,,9.78624E+12,Alifia Books,Februari - 2021,225,200 gr,Soft Cover,-,Islam,-,Indonesia,Stok Tersedia.
https://www.bukukita.com/searchresult.php?id=3&key=53,,,,,,,,,,,,,
https://www.bukukita.com/Buku-Novel/Sejarah-Fiksi/168228-Buku-The-Horde:-Bagaimana-Sebuah-Gerombolan-Pengembara-Mengubah-Sejarah-Dunia.html,Buku The Horde: Bagaimana Sebuah Gerombolan Pengembara Mengubah Sejarah Dunia,,9.78623E+12,Alvabet,Oktober - 2021,480,500 gr,soft cover,-,Sejarah Fiksi,-,Indonesia,Stok Tersedia.
https://www.bukukita.com/searchresult.php?id=3&key=254,,,,,,,,,,,,,
https://www.bukukita.com/Inspirasi-dan-Spiritual/Kepemimpinan/80106-Success-101-:-Hal-Hal-yang-Harus-Diketahui-Oleh-Para-Pemimpin.html,Success 101 : Hal-Hal yang Harus Diketahui Oleh Para Pemimpin,,9.78603E+12,MIC,Mei - 2010,-,250 gr,Hard Cover,-,Kepemimpinan,-,Indonesia,Stok Tersedia.
https://www.bukukita.com/searchresult.php?id=3&key=54,,,,,,,,,,,,,
